16APR2021|HGFA|0806|HBL	Growth	Fund|8|8.05|8|8|108000|7.75|||
16APR2021|HIFA|0806|HBL	Invest	Fund|2.90|3|2.80|2.97|60500|3|||
16APR2021|FANM|0819|AL-Noor	Mod|3.12|3.13|3.12|3.13|18500|3.10|||
16APR2021|BRR|0819|B.R.R.Guardian|10|10|10|10|500|10.38|||
16APR2021|FECM|0819|Elite	Cap.Mod|3.40|3.47|3.40|3.47|1500|3.46|||
16APR2021|ORIXM|0819|Orix	Modaraba|16.80|16.90|16.76|16.90|3000|16.85|||
16APR2021|FHAM|0819|Habib	Modaraba|9.15|9.15|8.90|8.90|13000|9.01|||
16APR2021|HMM|0819|Habib	Metro	Mod|6.52|6.52|6.52|6.52|500|7.15|||
16APR2021|FIMM|0819|Imrooz	Modaraba|103.15|103.15|103.15|103.15|300|111.51|||
16APR2021|PIM|0819|Popular	Islamic|6.30|6.30|6.10|6.25|6500|5.55|||
16APR2021|KASBM|0819|KASB	Mod|2.06|2.06|2.06|2.06|4000|2.05|||
16APR2021|MODAM|0819|Mod.Al-Mali|4|4.20|4|4.16|10000|4.10|||
16APR2021|PAKMI|0819|Pak	Mod.|2.45|2.45|2.06|2.25|4500|2.49|||
16APR2021|FPRM|0819|Paramount	Mod|4.80|4.80|4.65|4.65|1000|4.80|||
16APR2021|PMI|0819|Prud	Mod.1st|1.69|1.80|1.69|1.80|3000|1.77|||
16APR2021|FUDLM|0819|U.D.L.Modaraba|9|9.40|8.95|9.21|3000|9.01|||
16APR2021|UCAPM|0819|Unicap	Modaraba|3.49|3.49|3.21|3.45|20500|3.31|||
16APR2021|OLPL|0815|Orix	Leasing|23.77|23.77|23.75|23.75|3000|23.75|||
16APR2021|PGLC|0815|Pak	Gulf	Leasin|0|8.35|8.35|8.35|9000|8.35|||
16APR2021|SLL|0815|SME	Leasing	Ltd|3.24|3.24|3.24|3.24|500|3.20|||
16APR2021|SPLC|0815|Saudi	Pak	Leasi|1.40|1.40|1.40|1.40|1500|1.36|||
16APR2021|MCBAH|0813|MCB-ARIF	Habib|0|0|0|40|0|40.07|||
16APR2021|AHL|0813|Arif	Habib	Ltd.|68.50|69.37|68|68.21|14000|68.50|||
16APR2021|AHCL|0809|Arif	Habib	Corp|36|36|36|36|25000|36.22|||
16APR2021|ICIBL|0813|Invest	Bank|2.42|2.53|2.37|2.40|116500|2.46|||
16APR2021|FDIBL|0813|Ist.Dawood	Bank|2.42|2.47|2.35|2.42|104000|2.40|||
16APR2021|JSCL|0813|Jah.Sidd.	Co.|21.30|21.61|20.77|20.86|1323000|21.29|||
16APR2021|NEXT|0813|Next	Capital|8.29|8.29|8.20|8.20|1000|8.15|||
16APR2021|ESBL|0813|Escorts	Bank|9|9.14|8.95|9|20000|8.90|||
16APR2021|PSX|0813|Pak	Stock	Exchange|12.62|12.76|12.62|12.69|377500|12.72|||
16APR2021|FCSC|0813|Ist.Capital	Sec|1.90|1.95|1.82|1.83|795000|1.87|||
16APR2021|EFGH|0813|EFG	Hermes	Pak|20.50|21.66|20.50|21.66|2500|20.15|||
16APR2021|FNEL|0813|F.	Nat.Equities|11.05|11.15|10.68|10.77|1893000|11.01|||
16APR2021|JSGCL|0813|JS	Global	Cap.|77.01|77.01|77|77|2000|76.90|||
16APR2021|786|0813|786	Invest	Ltd|8.33|8.98|7.80|8.49|24500|8.80|||
16APR2021|DEL|0813|Dawood	Equities|5.53|5.85|5.53|5.85|3000|5.79|||
16APR2021|PASL|0813|Pervez	Ahmed	Co|1.29|1.34|1.22|1.25|1420000|1.27|||
16APR2021|ABL|0807|Allied	Bank	Ltd|70.50|71|70.50|71|78000|70.18|||
16APR2021|SMBL|0807|Summit	Bank|1.47|1.53|1.47|1.51|11500|1.51|||
16APR2021|AKBL|0807|Askari	Bank|19.38|19.39|19.20|19.34|36500|19.11|||
16APR2021|BAFL|0807|Bank	Al-Falah|30.15|30.18|29.90|29.96|32560|29.91|||
16APR2021|BIPL|0807|Bankislami	Pak.|11.38|11.38|11.20|11.27|26000|11.38|||
16APR2021|BAHL|0807|Bank	AL-HabibXD|64.07|64.97|64.07|64.38|10797|64.07|||
16APR2021|BOP|0807|B.O.PunjabXD|7.84|7.85|7.75|7.77|1699500|7.76|||
16APR2021|FABL|0807|Faysal	Bank|16.05|16.10|15.86|15.89|47500|16|||
16APR2021|HBL|0807|Habib	BankXD|118.68|119.25|118|118.53|896941|117.99|||
16APR2021|MEBL|0807|Meezan	Bank|109.05|109.50|108.62|109.18|328210|109.02|||
16APR2021|NBP|0807|National	Bank|31.65|32.45|31.60|31.88|739500|31.48|||
16APR2021|HMB|0807|Habib	Metropol.|35|35|35|35|75000|35.06|||
16APR2021|MCB|0807|MCB	Bank	Ltd|174.89|174.90|173.02|173.73|674796|173.63|||
16APR2021|JSBL|0807|JS	Bank	Ltd|5.25|5.38|5.25|5.38|5000|5.26|||
16APR2021|SBL|0807|Samba	Bank|6.42|7.44|6.42|7.24|476000|6.44|||
16APR2021|SILK|0807|Silk	Bank	Ltd|1.20|1.28|1.19|1.27|1882000|1.24|||
16APR2021|SNBL|0807|Soneri	Bank	LtdXD|8.45|8.50|8.45|8.49|35000|8.45|||
16APR2021|SCBPL|0807|St.Chart.BankXD|30.50|30.98|30.50|30.98|2000|30.01|||
16APR2021|UBL|0807|United	Bank|120.49|121.50|119.27|119.67|493567|119.96|||
16APR2021|AICL|0812|Adamjee	Ins.|39.90|41.50|39.75|40.40|489000|39.83|||
16APR2021|IGIL|0812|IGI	Life	Ins|54|54|53.50|53.50|2000|52|||
16APR2021|AGIC|0812|Ask.Gen.Insur.|23.70|23.70|23.70|23.70|1000|23.50|||
16APR2021|CYAN|0812|Cyan	Limited|38|38|38|38|2000|37.69|||
16APR2021|CENI|0812|Century	Ins.|20.48|20.48|20.20|20.20|4000|21.51|||
16APR2021|JLICL|0812|Jubile	Life	Ins|400|405|391.01|400|7100|395.50|||
16APR2021|CSIL|0812|Cres.Star	Ins.|2.84|2.84|2.68|2.70|333000|2.71|||
16APR2021|HICL|0812|Habib	Ins.XD|7.51|7.64|7.50|7.51|4500|7.69|||
16APR2021|IGIHL|0812|IGI	Holdings|159.49|159.90|156.11|159.26|3800|158.04|||
16APR2021|ATIL|0812|Atlas	Ins.	Ltd|52.40|52.60|52.40|52.50|10500|52|||
16APR2021|JGICL|0812|Jubilee	Gen.InsXD|41.40|41.50|41.40|41.50|1000|42|||
16APR2021|PIL|0812|PICIC	Ins.Ltd.|1.40|1.45|1.40|1.45|12500|1.30|||
16APR2021|PINL|0812|Premier	Ins.|4.25|4.25|4.25|4.25|500|4.40|||
16APR2021|RICL|0812|Reliance	Ins.XB|7.70|7.80|7.70|7.80|3000|7.73|||
16APR2021|SHNI|0812|Shaheen	Ins.|3.99|4.13|3.99|4.13|4500|4.19|||
16APR2021|UNIC|0812|United	Insurance|7.43|7.43|7.43|7.43|500|7.10|||
16APR2021|CWSM|0830|Chakwal	Spinning|2.16|2.16|2|2.03|34000|2.06|||
16APR2021|HIRAT|0830|Hira	Textile|3.50|3.50|3.40|3.45|34000|3.45|||
16APR2021|CFL|0830|Crescent	Fibres|51.21|51.21|51.21|51.21|46000|51.21|||
16APR2021|DFSM|0830|Dewan	Farooque	Sp.|2.19|2.26|2.12|2.24|17000|2.18|||
16APR2021|DINT|0830|Din	Textile|46.01|46.01|46.01|46.01|1000|47.74|||
16APR2021|DSIL|0830|D.S.	Ind.	Ltd.|2.85|2.89|2.76|2.80|91500|2.78|||
16APR2021|GADT|0830|Gadoon	Textile|225|226|225|225.01|3500|225|||
16APR2021|IDRT|0830|Idrees	Textile|17.99|18|17.25|17.25|6000|17|||
16APR2021|IDYM|0830|Indus	DyeingXB|316.01|322|316|317.94|3100|318.76|||
16APR2021|JATM|0830|J.A.Textile|9.65|9.70|9.65|9.70|1500|9.44|||
16APR2021|KHSM|0830|Khurshid	Spinning|9.50|9.68|8.55|9.68|8500|9.50|||
16APR2021|KOHTM|0830|Kohat	Textile|0|15.10|15.10|15.10|12000|15.10|||
16APR2021|KOSM|0830|Kohinoor	Spining|3.30|3.30|3.22|3.28|113000|3.31|||
16APR2021|MQTM|0830|Maqbool	Textile|0|0|0|21.2533|0|20.73|||
16APR2021|NCML|0830|Nazir	Cotton	Mills|4.21|4.21|4.21|4.21|500|4.94|||
16APR2021|OML|0818|Olympia	Mills|12.50|12.50|12.50|12.50|7000|11.50|||
16APR2021|RAVT|0830|Ravi	Textile|13.60|14.39|13.60|14.39|118500|13.39|||
16APR2021|SAIF|0830|Saif	Textile|14.25|14.25|14.25|14.25|2500|14.66|||
16APR2021|SNAI|0830|Sana	Ind|56|57|55.56|57|11000|55.50|||
16APR2021|SNAIR|0830|Sana	Ind(R)|9.01|9.01|9.01|9.01|11000|8.01|||
16APR2021|SUTM|0830|Sunrays	TextileXB|319|319.72|319|319.72|300|319.40|||
16APR2021|UNITY|0810|Unity	Foods	Ltd|30.41|30.86|30.36|30.44|3193024|30.32|||
16APR2021|FML|0829|Feroze	1888|107|108|105|106|2000|107|||
16APR2021|PRWM|0831|Prosperity	Weav|52|52|50.60|50.82|6000|53.53|||
16APR2021|SMTM|0831|Samin	Textile|7.90|8|7.89|8|16500|7.94|||
16APR2021|SERF|0831|Service	Fabrics|10.49|10.65|10.30|10.35|96000|10.31|||
16APR2021|YOUW|0831|Yousuf	Weaving|3.65|3.65|3.52|3.56|4500|3.59|||
16APR2021|ADMM|0829|Artistic	Denim|95|99.42|94|99.42|26500|92.49|||
16APR2021|BHAT|0829|Bhanero	Tex.|949.90|949.90|949.90|949.90|50|895|||
16APR2021|CRTM|0829|Crescent	Tex.|29.30|29.80|28.60|29.11|58000|29.30|||
16APR2021|NCL|0829|Nishat	(Chun.)|48.45|48.75|47.83|47.98|120500|48.34|||
16APR2021|GATM|0829|Gul	Ahmed|48.90|50.30|48.90|49.55|511000|49.33|||
16APR2021|ILP|0829|Interloop	Ltd.|66.03|67.49|65.85|67.04|77000|66.28|||
16APR2021|KML|0829|Kohinoor	Mills|29.50|29.50|29|29|2500|29.75|||
16APR2021|ANL|0829|Azgard	Nine|36|36.25|35.30|35.60|429000|36.01|||
16APR2021|MEHT|0829|Mehmood	Tex.|450|450|450|450|100|440|||
16APR2021|MTIL|0829|Mian	Textile|19|19.07|18.75|18.80|17000|17.74|||
16APR2021|NML|0829|Nishat	Mills	Ltd|93|93|91|91.53|87500|91.79|||
16APR2021|REDCO|0829|Redco	Textile|6.75|7|6.75|7|2500|7|||
16APR2021|ZAHID|0829|ZahidJee	Tex.|20.40|20.74|20.30|20.55|18500|19.30|||
16APR2021|FASM|0829|Faisal	Spinning|375|375|375|375|300|365|||
16APR2021|MSOT|0829|Masood	Textile|53.70|53.70|53.63|53.63|2500|57.97|||
16APR2021|QUET|0829|Quetta	Textile|9.20|9.50|8.01|9.45|17500|8.50|||
16APR2021|SAPT|0829|Sapphire	Tex.|939.99|939.99|920|933.33|60|875.05|||
16APR2021|BNL|0810|Bunnys	Limited|36|36.50|35.36|35.65|127500|35.93|||
16APR2021|AGL|0805|Agritech	Limited|4.42|4.50|4.30|4.33|1252500|4.39|||
16APR2021|IBFL|0827|Ibrahim	Fibres|124.65|124.70|124.65|124.70|6000|125|||
16APR2021|PSYL|0827|Pak	Synthetics|25.49|26.59|25.49|25.50|15000|24.74|||
16APR2021|RUPL|0827|Rupali	Polyester|28.01|28.99|28.01|28.99|26500|28.01|||
16APR2021|IMAGE|0827|Image	Pakistan|17.96|18.27|17.30|17.59|398000|17.96|||
16APR2021|THALL|0802|Thal	Limited|408.90|414|408.90|411.62|5000|403.65|||
16APR2021|ADAMS|0826|Adam	Sugar|25.37|25.37|25.37|25.37|500|24|||
16APR2021|AABS|0826|AL-Abbas	Sugar|370|370|370|370|800|370|||
16APR2021|AGSML|0826|Abdullah	Shah|7.50|7.75|7.25|7.28|570500|7.25|||
16APR2021|IML|0813|Imperial	Limite|29|29|27|27|1000|27.04|||
16APR2021|CCM|0830|Crescent	Cotton|48|49.50|48|49.50|50000|49.50|||
16APR2021|DWSM|0826|Dewan	Sugar|2.65|2.80|2.65|2.70|7000|2.75|||
16APR2021|FCEPL|0810|Frieslandcampina|72|72.60|72|72.02|18500|72.80|||
16APR2021|HABSM|0826|Habib	Sugar|32|32.88|32|32.75|38000|32|||
16APR2021|HSM|0826|Husein	Sugar|22|22.79|22|22.25|18500|22.20|||
16APR2021|NONS|0826|Noon	Sugar|65|65|65|65|1500|61.80|||
16APR2021|SKRS|0826|Sakrand	Sugar|8.04|8.04|7.90|7.99|2000|7.77|||
16APR2021|SHJS|0826|Shahtaj	Sugar|0|0|0|66.1950|0|68.8976|||
16APR2021|SHSML|0826|Shahmurad	Sugar|82|86.99|82|83.05|4800|81.72|||
16APR2021|TSML|0826|Tandlianwala	Sugar|134.38|134.38|134.38|134.38|1000|125.01|||
16APR2021|ACPL|0804|Attock	Cement|167.04|171.94|166.10|170.31|188900|167.92|||
16APR2021|BWCL|0804|Bestway	CementXD|158|158|155.90|156|8000|156|||
16APR2021|CHCC|0804|Cherat	Cement|171|172.95|169.60|171.98|471300|170.13|||
16APR2021|DNCC|0804|Dandot	Cement|13.40|13.40|13.40|13.40|34500|12.40|||
16APR2021|DGKC|0804|D.G.K.Cement|124|124.45|122.30|122.51|514100|123.82|||
16APR2021|POWER|0804|Power	Cement|9.22|9.28|9.14|9.21|992500|9.20|||
16APR2021|FCCL|0804|Fauji	Cement|24.15|24.25|23.72|23.81|1698500|24.09|||
16APR2021|FECTC|0804|Fecto	Cement|29.10|31|29.10|30.10|2500|29.55|||
16APR2021|FLYNG|0804|Flying	Cement|12.91|13.80|12.90|13.61|1173500|12.86|||
16APR2021|FLYNGR|0804|Flying	Cement(R|2.64|2.89|2.51|2.72|4778000|2.51|||
16APR2021|GWLC|0804|Gharibwal	Cement|40|40|39.78|39.78|8000|39.96|||
16APR2021|JVDC|0804|Javedan	Corp.|39.50|39.98|38.50|38.75|13000|38|||
16APR2021|KOHC|0804|Kohat	Cement|205|205|201.50|202.51|15700|203.09|||
16APR2021|LUCK|0804|Lucky	Cement|868|868|858.50|860.95|43149|860.03|||
16APR2021|MLCF|0804|Maple	Leaf|46.70|46.80|46|46.06|670288|46.36|||
16APR2021|DCL|0804|Dewan	Cement|9.70|9.80|9.50|9.55|257000|9.64|||
16APR2021|PIOC|0804|Pioneer	Cement|132.99|133.85|132.20|133.49|443500|132.14|||
16APR2021|SMCPL|0804|Safe	Mix	Con.Lt|8.80|8.80|8.65|8.70|18000|8.77|||
16APR2021|THCCL|0804|Thatta	Cement|17.56|18.87|17.40|17.96|112000|17.65|||
16APR2021|KHTC|0832|Khyber	Tobacco|410|418|405.01|417.98|500|417.75|||
16APR2021|PMPK|0832|Philip	Morris	Pak.|900|900|900|900|20|900|||
16APR2021|PAKT|0832|Pak	TobaccoXD|1549.74|1549.74|1500|1500|40|1537.97|||
16APR2021|ATRL|0825|Attock	Refinery|256|263.60|255.10|260.96|3806700|256.79|||
16APR2021|BYCO|0825|Byco	Petroleum|10.11|10.20|9.98|10.02|2828500|10.07|||
16APR2021|NRL|0825|National	Refinery|588.11|594.50|582.20|584.88|247100|590.40|||
16APR2021|PRL|0825|Pak	Refinery|24.91|25.18|24.60|24.72|4053000|24.84|||
16APR2021|EPQL|0824|Engro	Powergen|20.45|20.59|20.40|20.57|14000|20.48|||
16APR2021|HUBC|0824|Hub	Power	Co.XD|79|79.60|78.80|79.04|267284|78.72|||
16APR2021|KEL|0824|K-Electric	Ltd.|3.78|3.80|3.77|3.78|671000|3.78|||
16APR2021|KOHE|0824|Kohinoor	Energy|33.90|35|33.90|34.74|59500|33.15|||
16APR2021|KOHP|0824|Kohinoor	Power|5.10|5.10|4.85|5.01|11000|4.91|||
16APR2021|LPL|0824|Lalpir	PowerXD|16.78|17.05|16.78|17|10000|16.88|||
16APR2021|KAPCO|0824|Kot	Addu	Power|40|40.09|39.77|39.86|397000|39.83|||
16APR2021|NCPL|0824|Nishat	ChunPow|14.15|14.20|14.13|14.20|29500|14.11|||
16APR2021|NPL|0824|Nishat	Power|21.72|21.75|21.72|21.75|10000|21.82|||
16APR2021|PKGP|0824|Pakgen	PowerXD|23.50|25|23.50|24.50|117000|23.76|||
16APR2021|SPWL|0824|Saif	Power	Ltd.XD|15.83|15.85|15.50|15.57|95000|15.58|||
16APR2021|TSPL|0824|Tri-Star	Power|6|6|5.90|5.93|39500|6|||
16APR2021|APL|0821|Attock	Petroleum|331.10|334|331.10|331.20|1100|331|||
16APR2021|PSO|0821|P.S.O.|221.55|223.80|220.25|220.91|148195|221.61|||
16APR2021|BPL|0821|Burshane	LPG|21.75|21.75|21.25|21.25|5000|21.96|||
16APR2021|SHEL|0821|Shell	Pakistan|167|167|163.06|163.99|139000|165.31|||
16APR2021|SSGC|0821|Sui	South	Gas|13.13|13.21|12.90|12.93|259500|13.11|||
16APR2021|SNGP|0821|Sui	North	Gas|42.15|42.59|41.50|41.62|1705653|42.07|||
16APR2021|HASCOL|0821|Hascol	Petrol|9.72|9.80|9.55|9.60|1342108|9.66|||
16APR2021|HTL|0821|HI-Tech	Lub.XD|69.30|70.40|69.30|69.49|159000|69.29|||
16APR2021|MARI|0820|Mari	Petroleum|1566.99|1580|1563.01|1569.56|5140|1568.01|||
16APR2021|OGDC|0820|Oil	&	Gas	Dev.XD|99.45|99.50|98.80|99.06|404713|98.97|||
16APR2021|POL|0820|Pak	Oilfields|376.95|377.48|375.01|376.47|28872|376.02|||
16APR2021|PPL|0820|Pak	PetroleumXD|86.22|86.56|85.81|85.97|114048|86.28|||
16APR2021|ADOS|0808|Ados	Pakistan|15.05|15.05|13.97|14.03|69000|15.10|||
16APR2021|AGHA|0808|Agha	Steel	Ind.|31.45|31.45|31.01|31.10|294500|31.18|||
16APR2021|ASL|0808|Aisha	Steel	Mill|25.78|26.16|25.70|25.95|1696500|25.77|||
16APR2021|ASTL|0808|Amreli	Steels|41.49|41.59|41.05|41.40|204000|41.05|||
16APR2021|BCL|0808|Bolan	Casting|81.81|84.99|80.01|81.26|700|84.99|||
16APR2021|DADX|0808|Dadex	Eternit|37.50|38.95|37|37.98|3000|39.99|||
16APR2021|DSL|0808|Dost	Steels	Ltd.|5.39|5.58|5.25|5.40|1353000|5.32|||
16APR2021|CSAP|0808|Crescent	Steel|69.49|69.49|68|69.24|26000|67.68|||
16APR2021|INIL|0808|Int.	Ind.Ltd.|220|224.80|218.01|222.61|653600|219.02|||
16APR2021|ISL|0808|Inter.Steel	Ltd|92.40|92.75|91.70|92.03|651822|91.82|||
16APR2021|ITTEFAQ|0808|Ittefaq	Iron	Ind|15.54|15.85|15.54|15.64|59500|15.52|||
16APR2021|KSBP|0808|K.S.B.PumpsXD|220|220|219.93|220|300|219.93|||
16APR2021|MUGHAL|0808|Mughal	Iron|95|98.61|95|98.06|687500|95.49|||
16APR2021|MUGHALR1|0808|Mughal	Iron	(R)|26.20|28.27|25.99|28.27|307500|26.30|||
16APR2021|MSCL|0808|Metro	Steel|17.50|17.50|17.49|17.50|2500|16.50|||
16APR2021|AGTL|0801|AL-Ghazi	Tractors|349.28|360|349.28|358.83|8600|349.28|||
16APR2021|DFML|0801|Dewan	Motors|5.24|5.25|5.10|5.13|51000|5.15|||
16APR2021|GAIL|0801|Ghani	Automobile|6.42|6.65|6.42|6.56|74000|6.50|||
16APR2021|GHNI|0801|Ghandhara	Ind.|263.50|268|262.51|263.02|378300|261.75|||
16APR2021|GHNL|0801|Ghand	Nissan|102.22|104.10|101.72|102.26|201000|101.88|||
16APR2021|HINO|0801|Hinopak	Motor|341|343|340|341|2100|335.38|||
16APR2021|HCAR|0801|Honda	Atlas	Cars|299|307|298|300.95|246800|299.85|||
16APR2021|INDU|0801|Indus	Motor	Co|1124.97|1140|1123|1129.82|17900|1121.64|||
16APR2021|MTL|0801|Millat	Tractors|1082.50|1090|1080|1089.41|10680|1083.13|||
16APR2021|PSMC|0801|Pak	Suzuki|314.50|334|314.50|326.28|1103500|313.42|||
16APR2021|SAZEW|0801|Sazgar	Eng|173.98|174.60|171.55|172.01|167700|173.15|||
16APR2021|AGIL|0802|Agriautos	Ind.|215|225|214|222.88|97900|214|||
16APR2021|ATBA|0802|Atlas	Battery|252.05|268|252.05|258.31|15700|253.02|||
16APR2021|EXIDE|0802|Exide	(PAK)|352.61|352.61|345.77|349.98|2600|344.97|||
16APR2021|GTYR|0802|General	Tyre|87.19|87.85|86|86.31|65000|86.14|||
16APR2021|LOADS|0802|Loads	Limited|16.33|16.40|15.62|15.77|3351000|15.92|||
16APR2021|PTL|0802|Panther	Tyres	L|65|65.85|64.55|65|64000|65.27|||
16APR2021|PCAL|0803|Pakistan	Cables|137|140|135|136.23|20200|137.22|||
16APR2021|PAEL|0803|Pak	Elektron|35.85|36.40|35.50|35.64|1427500|35.67|||
16APR2021|TPL|0828|TPL	Corp	Ltd|6.90|6.95|6.76|6.80|344500|6.89|||
16APR2021|TPLT|0828|TPL	Trakker	Ltd|10.50|10.50|10.50|10.50|1000|10.53|||
16APR2021|AVN|0828|Avanceon	Ltd|90.24|90.90|89.05|89.40|753500|89.44|||
16APR2021|WAVES|0803|Waves	SingerXR|21.10|21.50|21.05|21.12|388500|21.13|||
16APR2021|SIEM|0803|Siemens	Pak.|480.01|499|480.01|499|200|500|||
16APR2021|SPEL|0818|Synthetic	Prod|35.40|35.50|34.51|35.27|15000|34.35|||
16APR2021|PNSC|0833|P.N.S.C|72.31|73|72.06|72.83|8000|74|||
16APR2021|PIBTL|0833|Pak	Int.Bulk|10.39|10.39|10.21|10.28|917500|10.22|||
16APR2021|PICT|0833|Pak.Int.Cont.|163|163.75|162|162.92|14200|162.03|||
16APR2021|PIAA|0833|P.I.A.C.(A)|4.65|4.69|4.48|4.50|370000|4.55|||
16APR2021|HUMNL|0828|Hum	Network|6.58|6.58|6.37|6.42|3878000|6.45|||
16APR2021|NETSOL|0828|Netsol	Tech.|178|180.99|173.80|174.93|2417000|176.94|||
16APR2021|PAKD|0828|Pak	Datacom|81|81|79.10|79.30|4000|80.74|||
16APR2021|MDTL|0828|Media	Times	Ltd|3.76|3.87|3.55|3.61|1910500|3.76|||
16APR2021|SYS|0828|Systems	LimitedXDXB|461|467|461|463.50|9400|461.85|||
16APR2021|PTC|0828|P.T.C.L.|9.98|10.06|9.83|9.94|1581000|9.89|||
16APR2021|TRG|0828|TRG	Pak	Ltd|165|168.35|164.10|165.19|16199233|163.76|||
16APR2021|TELE|0828|Telecard	Limited|12.50|12.88|12.31|12.61|21447000|12.37|||
16APR2021|WTL|0828|WorldCall	Telecom|1.63|1.63|1.55|1.56|15634500|1.56|||
16APR2021|DAWH|0813|Dawood	Hercules|114|115|113|114.42|8405|114|||
16APR2021|ENGRO|0809|Engro	CorpXD|287.95|290|286.17|289.10|328346|286.97|||
16APR2021|EFERT|0809|Engro	Fert.|63.40|63.85|63.36|63.74|410088|63.37|||
16APR2021|FFBL|0809|Fauji	Fert	Bin|29.15|29.23|28.65|28.74|1571000|29.15|||
16APR2021|FFC|0809|Fauji	Fert.|106.48|106.50|106|106.04|218804|106.10|||
16APR2021|ABOT|0823|Abbott	Lab.XD|691.90|701|690.02|695.43|23700|703.87|||
16APR2021|AGP|0823|AGP	LimitedXD|110.10|110.75|109|110.56|34200|109|||
16APR2021|FEROZ|0823|Ferozsons	(Lab)|302|302.99|295|297.27|51700|300.56|||
16APR2021|GLAXO|0823|GlaxoSmithKline|159.01|162|158.01|160.21|52400|159.89|||
16APR2021|GSKCH|0823|Glaxo	HealthcarXD|212.11|222|212.11|219.96|73300|214.14|||
16APR2021|HINOON|0823|Highnoon	(Lab)|648.95|649.50|645|646.43|2250|639.44|||
16APR2021|SEARL|0823|The	Searle	Co.|244|245.88|242|242.37|58396|243.88|||
16APR2021|WYETH|0823|Wyeth	Pak	Ltd|960|1000.50|960|970|320|999|||
16APR2021|BAPL|0805|Bawany	Air	Products|19.01|19.01|18.90|18.90|1500|20.24|||
16APR2021|BIFO|0805|Biafo	Ind.|125.50|134.74|125.50|134.74|26900|125.34|||
16APR2021|BERG|0805|Berger	Paints|86.01|86.10|85.70|85.92|5500|85.88|||
16APR2021|BUXL|0805|Buxly	Paints|47.47|47.47|47.47|47.47|500|47.01|||
16APR2021|CTM|0830|Colony	Tex.Mills	Ltd|5.30|5.30|5.20|5.24|31000|5.25|||
16APR2021|DOL|0805|Descon	Oxychem|27.68|27.70|27|27.10|67500|27.32|||
16APR2021|DAAG|0805|Data	Agro|14.90|14.90|14.90|14.90|500|16|||
16APR2021|DYNO|0805|Dynea	Pakistan|199.99|200|199|200|2500|199.50|||
16APR2021|EPCL|0805|Engro	PolymerXD|58.49|58.70|57.40|58|1246000|58.07|||
16APR2021|FATIMA|0809|Fatima	Fert.XD|27.40|27.43|26.69|27.05|117000|26.69|||
16APR2021|GGL|0805|Ghani	Glo	Hol|31.05|33.71|30.80|33.71|21518500|31.36|||
16APR2021|ICI|0805|ICI	Pakistan|810.02|819.96|809|809.99|8600|810.02|||
16APR2021|ICL|0805|Ittehad	Chem.|35.65|35.95|35.50|35.60|12000|35.70|||
16APR2021|LPGL|0805|Leiner	Pak	Gelat|19.21|19.21|19.21|19.21|500|19.65|||
16APR2021|LOTCHEM|0805|Lotte	ChemicalXD|16.74|16.80|16.51|16.61|1136500|16.60|||
16APR2021|NICL|0805|Nimir	Ind.Chem.XD|126.50|126.50|126.50|126.50|500|126.50|||
16APR2021|PAKOXY|0805|Pak	Oxygen	Ltd.XB|139.97|141.98|135.11|139.40|37900|135.11|||
16APR2021|NRSL|0805|Nimir	Resins|13.90|13.95|13.70|13.78|403500|13.78|||
16APR2021|SPL|0805|Sitara	Peroxide|26.71|27|26.71|26.87|59000|26.71|||
16APR2021|WAHN|0805|Wah-Noble|200|209|200|203.80|2700|199.38|||
16APR2021|CEPB|0822|Century	Paper|102.90|102.98|100.50|100.91|60400|101.98|||
16APR2021|CPPL|0822|Cherat	Pack|198.01|198.01|193|193.41|17300|195.93|||
16APR2021|MERIT|0822|Merit	Packaging|14.35|15|14.11|14.70|269000|14.06|||
16APR2021|PKGS|0822|Packages	Ltd.XD|471.50|473.10|471.40|471.84|700|471.16|||
16APR2021|RPL|0822|Roshan	Packages|28.50|28.98|28.50|28.63|29500|28.39|||
16APR2021|SEPL|0822|Security	Paper|131|136.89|131|133.70|2700|133.14|||
16APR2021|SRVI|0816|Service	Ind.Ltd|1189.96|1200|1178|1188.25|56200|1183.15|||
16APR2021|ASC|0810|Al-Shaheer	Corp|14.75|14.80|14.51|14.57|963000|14.71|||
16APR2021|PREMA|0810|At-Tahur	Ltd.|16.50|16.50|16.25|16.33|129000|16.35|||
16APR2021|CLOV|0810|Clover	Pakistan|58.20|58.25|57.50|58.08|10000|57.37|||
16APR2021|GLPL|0810|Gillette	Pak|230.05|233|230.01|233|1700|237.65|||
16APR2021|MACTER|0823|Macter	Int.	Ltd|0|0|0|142.50|0|140|||
16APR2021|MFL|0810|Matco	Foods	Ltd|24.25|24.80|24.25|24.77|3500|24.51|||
16APR2021|NESTLE|0810|Nestle	PakistanXD|5760|5835|5760|5766.82|220|5790.49|||
16APR2021|MFFL|0810|MithchellsFruit|285|285|285|285|100|289|||
16APR2021|MUREB|0810|Murree	Brewery|550|550|550|550|350|550|||
16APR2021|NATF|0810|National	Foods|201.89|202.19|198.99|199.66|32800|200.34|||
16APR2021|FFL|0810|Fauji	Foods	Ltd|15.77|15.89|15.57|15.60|907000|15.77|||
16APR2021|QUICE|0810|Quice	Food|4.60|4.65|4.47|4.52|22500|4.57|||
16APR2021|SHEZ|0810|Shezan	Inter.|322.98|322.98|322.98|322.98|100|318.54|||
16APR2021|TOMCL|0810|The	Organic	Mea|29.71|30.85|29.71|30.15|1122000|29.99|||
16APR2021|TREET|0810|Treet	Corp|27.41|27.69|26.72|27.44|279500|27.22|||
16APR2021|ZIL|0810|ZIL	Limited|96.01|100|96|99.86|900|100.46|||
16APR2021|BGL|0811|Bal.Glass|11.70|12.01|11.52|12.01|4125000|11.01|||
16APR2021|EMCO|0803|EMCO	Industries|32|32|32|32|4500|29.77|||
16APR2021|GHGL|0811|Ghani	Glass	Ltd|45.60|46.30|45.51|45.81|33000|45.83|||
16APR2021|GGGL|0811|GhaniGlobalGlass|16.95|17.55|16.93|17.32|6629500|16.93|||
16APR2021|GVGL|0811|Ghani	Value	Glas|54.50|55.40|54.50|54.86|14000|54.10|||
16APR2021|TGL|0811|Tariq	Glass	Ind.XB|86|87.40|85.75|86.74|102500|86.56|||
16APR2021|STCL|0811|Shabbir	Tiles|24.56|25|24.55|24.98|69000|24.87|||
16APR2021|ARPAK|0818|Arpak	Int.|57.10|58.01|57.10|57.56|600|60.02|||
16APR2021|MACFL|0818|MACPAC	Films|19.36|19.74|19.35|19.60|74500|19.54|||
16APR2021|ECOP|0818|ECOPACK	Ltd|34.01|34.01|34|34|1500|34.70|||
16APR2021|PACE|0818|Pace	(Pak)	Ltd.|4.14|4.14|4.05|4.05|219500|4.10|||
16APR2021|AKDCL|0818|AKD	Capital|448.50|448.50|409.01|417.48|6900|440.11|||
16APR2021|SHFA|0818|Shifa	Int.Hosp|190|190|187|187.12|8700|189.70|||
16APR2021|STPL|0818|Siddiqsons	Tin|15.69|16|15.69|15.94|446500|15.84|||
16APR2021|TRIPF|0818|Tri-Pack	FilmsXD|167|168|167|168|400|168.31|||
16APR2021|UBDL|0818|United	Brands|23.50|24.68|23.50|24.09|1000|24|||
16APR2021|KELSC5|36|K-Electric(SUKUK5)|0|102|102|101.4575|1200|101.4413|||
16APR2021|HBL-CMAY|40|HBL-CMAY|0|0|0|120.05|0|119.55|||
16APR2021|BAFL-CMAY|40|BAFL-CMAY|0|0|0|30.35|0|30.30|||
16APR2021|FCCL-CMAY|40|FCCL-CMAY|0|0|0|24.12|0|24.41|||
16APR2021|FFBL-CMAY|40|FFBL-CMAY|0|0|0|29.11|0|29.53|||
16APR2021|FFC-CMAY|40|FFC-CMAY|0|0|0|107.40|0|107.50|||
16APR2021|HUBC-CMAY|40|HUBC-CMAY|0|0|0|80.06|0|79.76|||
16APR2021|KAPCO-CMAY|40|KAPCO-CMAY|0|0|0|40.37|0|40.36|||
16APR2021|LUCK-CMAY|40|LUCK-CMAY|0|0|0|872.02|0|871.38|||
16APR2021|NML-CMAY|40|NML-CMAY|0|0|0|92.71|0|93|||
16APR2021|PPL-CMAY|40|PPL-CMAY|0|0|0|87.08|0|87.42|||
16APR2021|PRL-CMAY|40|PRL-CMAY|0|0|0|25.04|0|25.17|||
16APR2021|PSO-CMAY|40|PSO-CMAY|0|0|0|223.75|0|224.53|||
16APR2021|SNGP-CMAY|40|SNGP-CMAY|0|0|0|42.16|0|42.63|||
16APR2021|UBL-CMAY|40|UBL-CMAY|0|0|0|121.21|0|121.54|||
16APR2021|HBL-CAPR|40|HBL-CAPR|0|0|0|119.01|0|118.51|||
16APR2021|BAFL-CAPR|40|BAFL-CAPR|0|0|0|30.08|0|30.04|||
16APR2021|FCCL-CAPR|40|FCCL-CAPR|0|0|0|23.91|0|24.20|||
16APR2021|FFBL-CAPR|40|FFBL-CAPR|0|0|0|28.86|0|29.28|||
16APR2021|FFC-CAPR|40|FFC-CAPR|0|0|0|106.47|0|106.57|||
16APR2021|HUBC-CAPR|40|HUBC-CAPR|0|0|0|79.36|0|79.07|||
16APR2021|KAPCO-CAPR|40|KAPCO-CAPR|0|0|0|40.02|0|40.01|||
16APR2021|LUCK-CAPR|40|LUCK-CAPR|0|0|0|864.46|0|863.81|||
16APR2021|NML-CAPR|40|NML-CAPR|0|0|0|91.90|0|92.19|||
16APR2021|PPL-CAPR|40|PPL-CAPR|0|0|0|86.32|0|86.66|||
16APR2021|PRL-CAPR|40|PRL-CAPR|0|0|0|24.82|0|24.95|||
16APR2021|PSO-CAPR|40|PSO-CAPR|0|0|0|221.81|0|222.58|||
16APR2021|SNGP-CAPR|40|SNGP-CAPR|0|0|0|41.79|0|42.26|||
16APR2021|UBL-CAPR|40|UBL-CAPR|0|0|0|120.16|0|120.49|||
16APR2021|HBL-CJUN|40|HBL-CJUN|0|0|0|121.10|0|120.59|||
16APR2021|ANL-CJUN|40|ANL-CJUN|0|0|0|36.37|0|36.80|||
16APR2021|BAFL-CJUN|40|BAFL-CJUN|0|0|0|30.61|0|30.57|||
16APR2021|FCCL-CJUN|40|FCCL-CJUN|0|0|0|24.33|0|24.62|||
16APR2021|FFBL-CJUN|40|FFBL-CJUN|0|0|0|29.36|0|29.79|||
16APR2021|FFC-CJUN|40|FFC-CJUN|0|0|0|108.34|0|108.43|||
16APR2021|HUBC-CJUN|40|HUBC-CJUN|0|0|0|80.75|0|80.45|||
16APR2021|KAPCO-CJUN|40|KAPCO-CJUN|0|0|0|40.72|0|40.71|||
16APR2021|NML-CJUN|40|NML-CJUN|0|0|0|93.51|0|93.81|||
16APR2021|PPL-CJUN|40|PPL-CJUN|0|0|0|87.83|0|88.18|||
16APR2021|PSO-CJUN|40|PSO-CJUN|0|0|0|225.69|0|226.48|||
16APR2021|SNGP-CJUN|40|SNGP-CJUN|0|0|0|42.52|0|43|||
16APR2021|UBL-CJUN|40|UBL-CJUN|0|0|0|122.26|0|122.60|||
16APR2021|BOP-CAPR|40|BOP-CAPR|0|0|0|7.80|0|7.79|||
16APR2021|DGKC-CAPR|40|DGKC-CAPR|0|0|0|123.01|0|124.36|||
16APR2021|EPCL-CMAY|40|EPCL-CMAY|0|0|0|58.75|0|58.84|||
16APR2021|DGKC-CMAY|40|DGKC-CMAY|0|0|0|124.09|0|125.45|||
16APR2021|DGKC-CJUN|40|DGKC-CJUN|0|0|0|125.16|0|126.54|||
16APR2021|EPCL-CJUN|40|EPCL-CJUN|0|0|0|59.26|0|59.35|||
16APR2021|NCL-CJUN|40|NCL-CJUN|0|0|0|49.02|0|49.40|||
16APR2021|HUBC-APR|40|HUBC-APR|80.18|80.18|80|80.01|10500|79.32|||
16APR2021|PSO-APR|40|PSO-APR|222.26|224.89|221.25|221.81|33000|222.58|||
16APR2021|SNGP-APR|40|SNGP-APR|42.50|42.80|41.65|41.75|583500|42.12|||
16APR2021|MCB-APR|40|MCB-APR|174.70|175.30|174.30|174.74|31000|174.73|||
16APR2021|NML-APR|40|NML-APR|92.02|92.50|91.50|91.53|24500|92.02|||
16APR2021|PTC-APR|40|PTC-APR|10.14|10.14|9.91|10|171500|9.90|||
16APR2021|ENGRO-APR|40|ENGRO-APR|289.99|290.56|288|290.11|63000|288.58|||
16APR2021|FFC-APR|40|FFC-APR|106.93|106.93|106.21|106.29|4000|105.67|||
16APR2021|FFBL-APR|40|FFBL-APR|29.15|29.48|28.80|28.92|424500|29.24|||
16APR2021|LOTCHEM-APR|40|LOTCHEM-APR|16.79|16.94|16.66|16.72|22000|16.70|||
16APR2021|DGKC-APR|40|DGKC-APR|124.30|124.65|122.76|122.90|187500|124.29|||
16APR2021|NBP-APR|40|NBP-APR|31.51|32|31.51|32|2000|31.49|||
16APR2021|MLCF-APR|40|MLCF-APR|46.87|46.90|46.16|46.26|262000|46.64|||
16APR2021|LUCK-APR|40|LUCK-APR|864|867.87|864|865.24|4000|864.15|||
16APR2021|SSGC-APR|40|SSGC-APR|13|13|13|13|15500|13.13|||
16APR2021|BOP-APR|40|BOP-APR|7.86|7.86|7.80|7.80|9500|7.80|||
16APR2021|AKBL-APR|40|AKBL-APR|0|0|0|19.42|0|19.20|||
16APR2021|PPL-APR|40|PPL-APR|86|86.64|86|86.39|17000|86.80|||
16APR2021|FABL-APR|40|FABL-APR|0|0|0|15.96|0|16.08|||
16APR2021|OGDC-APR|40|OGDC-APR|99.01|99.87|99|99.33|19500|99.54|||
16APR2021|KAPCO-APR|40|KAPCO-APR|40.04|40.29|39.85|40.04|53000|40.03|||
16APR2021|PIOC-APR|40|PIOC-APR|133.47|134.50|133|133.98|270000|132.67|||
16APR2021|BAFL-APR|40|BAFL-APR|0|0|0|30.09|0|30.05|||
16APR2021|OGDC-CJUN|40|OGDC-CJUN|0|0|0|101.20|0|101.15|||
16APR2021|NBP-CJUN|40|NBP-CJUN|0|0|0|32.57|0|32.17|||
16APR2021|PTC-CJUN|40|PTC-CJUN|0|0|0|10.16|0|10.11|||
16APR2021|OGDC-CAPR|40|OGDC-CAPR|0|0|0|99.46|0|99.41|||
16APR2021|NBP-CAPR|40|NBP-CAPR|0|0|0|32.01|0|31.62|||
16APR2021|OGDC-CMAY|40|OGDC-CMAY|0|0|0|100.33|0|100.28|||
16APR2021|NBP-CMAY|40|NBP-CMAY|0|0|0|32.29|0|31.90|||
16APR2021|ATRL-APR|40|ATRL-APR|256|264|256|261.32|2327000|257.79|||
16APR2021|ANL-APR|40|ANL-APR|36.30|36.35|35.51|35.69|247500|36.17|||
16APR2021|SPL-APR|40|SPL-APR|27|27|27|27|500|26.60|||
16APR2021|HBL-APR|40|HBL-APR|119.45|119.70|119|119.01|48500|118.02|||
16APR2021|FCCL-APR|40|FCCL-APR|24.30|24.30|23.82|23.86|26000|24.20|||
16APR2021|NETSOL-APR|40|NETSOL-APR|179.49|181.45|175|175.96|1776000|177.62|||
16APR2021|UBL-APR|40|UBL-APR|121|121|120|120.38|165000|120.50|||
16APR2021|NRL-APR|40|NRL-APR|595|597|586|587.77|129000|592.92|||
16APR2021|LOTCHEM-CAPR|40|LOTCHEM-CAPR|0|0|0|16.68|0|16.67|||
16APR2021|LOTCHEM-CMAY|40|LOTCHEM-CMAY|0|0|0|16.82|0|16.82|||
16APR2021|BAHL-APR|40|BAHL-APR|0|0|0|64.66|0|62.51|||
16APR2021|LOTCHEM-CJUN|40|LOTCHEM-CJUN|0|0|0|16.97|0|16.97|||
16APR2021|CHCC-CMAY|40|CHCC-CMAY|0|0|0|174.19|0|172.38|||
16APR2021|NCL-APR|40|NCL-APR|48.24|48.24|48.10|48.10|5500|48.56|||
16APR2021|CHCC-APR|40|CHCC-APR|171.90|172|170.50|170.50|10500|169.55|||
16APR2021|PIOC-CAPR|40|PIOC-CAPR|0|0|0|134.03|0|132.72|||
16APR2021|BOP-CMAY|40|BOP-CMAY|0|0|0|7.87|0|7.86|||
16APR2021|PIOC-CMAY|40|PIOC-CMAY|0|0|0|135.21|0|133.88|||
16APR2021|MLCF-CMAY|40|MLCF-CMAY|0|0|0|46.65|0|46.97|||
16APR2021|BOP-CJUN|40|BOP-CJUN|0|0|0|7.94|0|7.93|||
16APR2021|PIOC-CJUN|40|PIOC-CJUN|0|0|0|136.38|0|135.05|||
16APR2021|MLCF-CJUN|40|MLCF-CJUN|0|0|0|47.06|0|47.38|||
16APR2021|CHCC-CAPR|40|CHCC-CAPR|0|0|0|172.68|0|170.88|||
16APR2021|KEL-CAPR|40|KEL-CAPR|0|0|0|3.80|0|3.80|||
16APR2021|MLCF-CAPR|40|MLCF-CAPR|0|0|0|46.25|0|46.56|||
16APR2021|PAEL-CAPR|40|PAEL-CAPR|0|0|0|35.79|0|35.83|||
16APR2021|EFERT-CMAY|40|EFERT-CMAY|0|0|0|64.56|0|64.21|||
16APR2021|GATM-CMAY|40|GATM-CMAY|0|0|0|50.19|0|49.98|||
16APR2021|KEL-CMAY|40|KEL-CMAY|0|0|0|3.83|0|3.83|||
16APR2021|PAEL-CMAY|40|PAEL-CMAY|0|0|0|36.10|0|36.14|||
16APR2021|SEARL-CMAY|40|SEARL-CMAY|0|0|0|245.49|0|247.10|||
16APR2021|EFERT-APR|40|EFERT-APR|64.01|64.65|64.01|64.11|2500|64.23|||
16APR2021|GATM-APR|40|GATM-APR|49.83|50.49|49.30|49.84|209000|49.62|||
16APR2021|KEL-APR|40|KEL-APR|3.79|3.79|3.79|3.79|5000|3.79|||
16APR2021|PAEL-APR|40|PAEL-APR|36|36.50|35.68|35.80|794500|35.90|||
16APR2021|SEARL-APR|40|SEARL-APR|244.16|245.48|243.50|243.92|10500|245.11|||
16APR2021|EFERT-CJUN|40|EFERT-CJUN|0|0|0|65.12|0|64.76|||
16APR2021|GATM-CJUN|40|GATM-CJUN|0|0|0|50.62|0|50.42|||
16APR2021|KEL-CJUN|40|KEL-CJUN|0|0|0|3.86|0|3.86|||
16APR2021|PAEL-CJUN|40|PAEL-CJUN|0|0|0|36.41|0|36.45|||
16APR2021|SEARL-CJUN|40|SEARL-CJUN|0|0|0|247.62|0|249.24|||
16APR2021|EFERT-CAPR|40|EFERT-CAPR|0|0|0|64|0|63.65|||
16APR2021|HASCOL-CMAY|40|HASCOL-CMAY|0|0|0|9.72|0|9.79|||
16APR2021|ISL-CMAY|40|ISL-CMAY|0|0|0|93.21|0|93.03|||
16APR2021|POWER-CMAY|40|POWER-CMAY|0|0|0|9.33|0|9.32|||
16APR2021|TRG-CMAY|40|TRG-CMAY|0|0|0|167.31|0|165.92|||
16APR2021|HASCOL-APR|40|HASCOL-APR|9.80|9.85|9.59|9.65|437000|9.74|||
16APR2021|ISL-APR|40|ISL-APR|92.88|93.10|92.25|92.51|215000|92.44|||
16APR2021|POWER-APR|40|POWER-APR|9.26|9.30|9.21|9.24|49500|9.22|||
16APR2021|TRG-APR|40|TRG-APR|165.76|169.75|165.66|166.69|11111500|165.66|||
16APR2021|HUMNL-APR|40|HUMNL-APR|6.41|6.61|6.40|6.45|1665500|6.50|||
16APR2021|HASCOL-CJUN|40|HASCOL-CJUN|0|0|0|9.81|0|9.87|||
16APR2021|ISL-CJUN|40|ISL-CJUN|0|0|0|94.02|0|93.84|||
16APR2021|TRG-CJUN|40|TRG-CJUN|0|0|0|168.77|0|167.36|||
16APR2021|TRG-CAPR|40|TRG-CAPR|0|0|0|165.86|0|164.48|||
16APR2021|ASTL-CAPR|40|ASTL-CAPR|0|0|0|41.57|0|41.23|||
16APR2021|HASCOL-CAPR|40|HASCOL-CAPR|0|0|0|9.64|0|9.70|||
16APR2021|ISL-CAPR|40|ISL-CAPR|0|0|0|92.41|0|92.22|||
16APR2021|TREET-CMAY|40|TREET-CMAY|0|0|0|27.79|0|27.58|||
16APR2021|TREET-APR|40|TREET-APR|28.09|28.09|27.55|27.55|33000|27.60|||
16APR2021|TREET-CJUN|40|TREET-CJUN|0|0|0|28.03|0|27.82|||
16APR2021|POWER-CAPR|40|POWER-CAPR|0|0|0|9.25|0|9.24|||
16APR2021|GATM-CAPR|40|GATM-CAPR|0|0|0|49.75|0|49.55|||
16APR2021|MUGHAL-CMAY|40|MUGHAL-CMAY|0|0|0|99.32|0|96.75|||
16APR2021|BYCO-APR|40|BYCO-APR|10.15|10.24|10.01|10.07|1758500|10.11|||
16APR2021|MUGHAL-APR|40|MUGHAL-APR|95.52|98.95|95.51|98.13|226500|95.94|||
16APR2021|ASL-APR|40|ASL-APR|26|26.29|25.85|26.15|166500|26|||
16APR2021|EPCL-APR|40|EPCL-APR|59|59|57.65|58.34|410500|58.28|||
16APR2021|INIL-APR|40|INIL-APR|220.03|225.81|220.03|223.52|399000|219.97|||
16APR2021|PIBTL-APR|40|PIBTL-APR|10.40|10.40|10.28|10.38|41000|10.28|||
16APR2021|STCL-APR|40|STCL-APR|0|0|0|25.09|0|24.99|||
16APR2021|STPL-APR|40|STPL-APR|15.90|16.10|15.90|15.97|92000|15.90|||
16APR2021|MUGHAL-CJUN|40|MUGHAL-CJUN|0|0|0|100.18|0|97.59|||
16APR2021|EPCL-CAPR|40|EPCL-CAPR|0|0|0|58.24|0|58.33|||
16APR2021|MEBL-APR|40|MEBL-APR|109.75|109.75|109.75|109.75|3000|110.12|||
16APR2021|NRSL-APR|40|NRSL-APR|14.21|14.21|13.80|13.93|2500|14.22|||
16APR2021|ASTL-APR|40|ASTL-APR|41.50|41.74|41.33|41.43|51500|41.48|||
16APR2021|UNITY-APR|40|UNITY-APR|30.51|30.99|30.51|30.58|1829000|30.51|||
16APR2021|INIL-CAPR|40|INIL-CAPR|0|0|0|223.52|0|219.98|||
16APR2021|MEBL-CAPR|40|MEBL-CAPR|0|0|0|109.63|0|109.50|||
16APR2021|SEARL-CAPR|40|SEARL-CAPR|0|0|0|243.36|0|244.95|||
16APR2021|INIL-CMAY|40|INIL-CMAY|0|0|0|225.47|0|221.91|||
16APR2021|MEBL-CMAY|40|MEBL-CMAY|0|0|0|110.58|0|110.46|||
16APR2021|UNITY-CMAY|40|UNITY-CMAY|0|0|0|30.83|0|30.72|||
16APR2021|GTYR-APR|40|GTYR-APR|87.50|88.04|86.65|87.56|3500|86.52|||
16APR2021|GHNI-APR|40|GHNI-APR|264.90|269.50|263.50|264.36|196500|263.59|||
16APR2021|GHNL-APR|40|GHNL-APR|102.56|104.49|102.45|102.54|129500|102.56|||
16APR2021|AVN-APR|40|AVN-APR|90.70|91.11|89.60|89.96|313000|89.99|||
16APR2021|INIL-CJUN|40|INIL-CJUN|0|0|0|227.43|0|223.84|||
16APR2021|UNITY-CJUN|40|UNITY-CJUN|0|0|0|31.10|0|30.99|||
16APR2021|MUGHAL-CAPR|40|MUGHAL-CAPR|0|0|0|98.46|0|95.91|||
16APR2021|TREET-CAPR|40|TREET-CAPR|0|0|0|27.55|0|27.34|||
16APR2021|UNITY-CAPR|40|UNITY-CAPR|0|0|0|30.56|0|30.45|||
16APR2021|ASTL-CMAY|40|ASTL-CMAY|0|0|0|41.93|0|41.59|||
16APR2021|GHNL-CMAY|40|GHNL-CMAY|0|0|0|103.58|0|103.22|||
16APR2021|CEPB-APR|40|CEPB-APR|101.50|101.50|101|101.22|5000|102.55|||
16APR2021|TGL-APR|40|TGL-APR|87.43|88.39|86.75|87.32|17000|88.76|||
16APR2021|BIPL-APR|40|BIPL-APR|0|0|0|11.32|0|11.43|||
16APR2021|GGL-APR|40|GGL-APR|31.22|33.93|31.05|33.93|10693000|31.57|||
16APR2021|ITTEFAQ-APR|40|ITTEFAQ-APR|0|0|0|15.71|0|15.59|||
16APR2021|LPL-APR|40|LPL-APR|0|0|0|17.07|0|16.96|||
16APR2021|RPL-APR|40|RPL-APR|0|0|0|28.76|0|28.28|||
16APR2021|SAZEW-APR|40|SAZEW-APR|174.85|175.71|172.50|172.94|17000|173.94|||
16APR2021|PSMC-APR|40|PSMC-APR|318|334.50|318|328.27|282500|315.75|||
16APR2021|ASC-APR|40|ASC-APR|15|15|14.70|14.80|66000|15.20|||
16APR2021|WAVES-APR|40|WAVES-APR|21.40|21.75|21.11|21.19|179000|21.20|||
16APR2021|WAVES-CJUN|40|WAVES-CJUN|0|0|0|21.58|0|21.59|||
16APR2021|ASC-CJUN|40|ASC-CJUN|0|0|0|14.89|0|15.03|||
16APR2021|GHNL-CJUN|40|GHNL-CJUN|0|0|0|104.47|0|104.12|||
16APR2021|DCR|0836|Dolmen	City|10.25|10.35|10.25|10.29|162500|10.25|||
16APR2021|UBLP-ETF|0837|UBLPakistanETF|14.11|14.11|14.11|14.11|2000|14.11|||
16APR2021|NITG-ETF|0837|NIT	Pakistan	Ga|12.19|12.19|12.19|12.19|3000|12.06|||
16APR2021|NBPG-ETF|0837|NBP	Pakistan	G|0|0|0|11.20|0|11.19|||
16APR2021|MZNP-ETF|0837|Meezan	Pakistan|11.02|11.02|11|11|1000|11.11|||
